Remaining decisions,Money accumulated,Last outcome was positive,Last outcome was negative,Money accumulated > Loan,Money accumulated < Loan,Current decision,Cards chosen from deck (A),Positive last outcome (A),Negative last outcome (A),Positive cards (A),Negative cards (A),Frequency of positive cards (A),Frequency of negative cards (A),Best outcome (A),Worst outcome (A),decisions without choosing (A),Won money (A),Lost money (A),Cards chosen from deck (B),Positive last outcome (B),Negative last outcome (B),Positive cards (B),Negative cards (B),Frequency of positive cards (B),Frequency of negative cards (B),Best outcome (B),Worst outcome (B),decisions without choosing (B),Won money (B),Lost money (B),Cards chosen from deck (C),Positive last outcome (C),Negative last outcome (C),Positive cards (C),Negative cards (C),Frequency of positive cards (C),Frequency of negative cards (C),Best outcome (C),Worst outcome (C),decisions without choosing (C),Won money (C),Lost money (C),Cards chosen from deck (D),Positive last outcome (D),Negative last outcome (D),Positive cards (D),Negative cards (D),Frequency of positive cards (D),Frequency of negative cards (D),Best outcome (D),Worst outcome (D),decisions without choosing (D),Won money (D),Lost money (D),Selected deck,Time
99,1100,True,False,True,False,1,1,True,False,1,0,1.0,0.0,100,100,0,100,0,0,False,False,0,0,0.5,0.5,0,0,1,0,0,0,False,False,0,0,0.5,0.5,0,0,1,0,0,0,False,False,0,0,0.5,0.5,0,0,1,0,0,A,
98,1200,True,False,True,False,2,2,True,False,2,0,1.0,0.0,100,100,0,200,0,0,False,False,0,0,0.5,0.5,0,0,2,0,0,0,False,False,0,0,0.5,0.5,0,0,2,0,0,0,False,False,0,0,0.5,0.5,0,0,2,0,0,A,1029.0
97,1150,False,True,True,False,3,3,False,True,2,1,0.6666666666666666,0.3333333333333333,100,-50,0,300,150,0,False,False,0,0,0.5,0.5,0,0,3,0,0,0,False,False,0,0,0.5,0.5,0,0,3,0,0,0,False,False,0,0,0.5,0.5,0,0,3,0,0,B,1426.0
96,1250,True,False,True,False,4,3,False,True,2,1,0.6666666666666666,0.3333333333333333,100,-50,1,300,150,1,True,False,1,0,1.0,0.0,100,100,0,100,0,0,False,False,0,0,0.5,0.5,0,0,4,0,0,0,False,False,0,0,0.5,0.5,0,0,4,0,0,B,1605.0
95,100,False,True,False,True,5,3,False,True,2,1,0.6666666666666666,0.3333333333333333,100,-50,2,300,150,2,False,True,1,1,0.5,0.5,100,-1150,0,200,1250,0,False,False,0,0,0.5,0.5,0,0,5,0,0,0,False,False,0,0,0.5,0.5,0,0,5,0,0,C,871.0
94,100,True,False,False,True,6,3,False,True,2,1,0.6666666666666666,0.3333333333333333,100,-50,3,300,150,2,False,True,1,1,0.5,0.5,100,-1150,1,200,1250,1,0,0,1,0,1.0,0.0,0,0,0,50,50,0,False,False,0,0,0.5,0.5,0,0,6,0,0,D,1410.0
93,150,True,False,False,True,7,3,False,True,2,1,0.6666666666666666,0.3333333333333333,100,-50,4,300,150,2,False,True,1,1,0.5,0.5,100,-1150,2,200,1250,1,0,0,1,0,1.0,0.0,0,0,1,50,50,1,True,False,1,0,1.0,0.0,50,50,0,50,0,D,2110.0
92,200,True,False,False,True,8,3,False,True,2,1,0.6666666666666666,0.3333333333333333,100,-50,5,300,150,2,False,True,1,1,0.5,0.5,100,-1150,3,200,1250,1,0,0,1,0,1.0,0.0,0,0,2,50,50,2,True,False,2,0,1.0,0.0,50,50,0,100,0,D,1058.0
91,250,True,False,False,True,9,3,False,True,2,1,0.6666666666666666,0.3333333333333333,100,-50,6,300,150,2,False,True,1,1,0.5,0.5,100,-1150,4,200,1250,1,0,0,1,0,1.0,0.0,0,0,3,50,50,3,True,False,3,0,1.0,0.0,50,50,0,150,0,D,1036.0
90,300,True,False,False,True,10,3,False,True,2,1,0.6666666666666666,0.3333333333333333,100,-50,7,300,150,2,False,True,1,1,0.5,0.5,100,-1150,5,200,1250,1,0,0,1,0,1.0,0.0,0,0,4,50,50,4,True,False,4,0,1.0,0.0,50,50,0,200,0,D,1008.0
89,350,True,False,False,True,11,3,False,True,2,1,0.6666666666666666,0.3333333333333333,100,-50,8,300,150,2,False,True,1,1,0.5,0.5,100,-1150,6,200,1250,1,0,0,1,0,1.0,0.0,0,0,5,50,50,5,True,False,5,0,1.0,0.0,50,50,0,250,0,D,943.0
88,400,True,False,False,True,12,3,False,True,2,1,0.6666666666666666,0.3333333333333333,100,-50,9,300,150,2,False,True,1,1,0.5,0.5,100,-1150,7,200,1250,1,0,0,1,0,1.0,0.0,0,0,6,50,50,6,True,False,6,0,1.0,0.0,50,50,0,300,0,D,849.0
87,450,True,False,False,True,13,3,False,True,2,1,0.6666666666666666,0.3333333333333333,100,-50,10,300,150,2,False,True,1,1,0.5,0.5,100,-1150,8,200,1250,1,0,0,1,0,1.0,0.0,0,0,7,50,50,7,True,False,7,0,1.0,0.0,50,50,0,350,0,D,1166.0
86,500,True,False,False,True,14,3,False,True,2,1,0.6666666666666666,0.3333333333333333,100,-50,11,300,150,2,False,True,1,1,0.5,0.5,100,-1150,9,200,1250,1,0,0,1,0,1.0,0.0,0,0,8,50,50,8,True,False,8,0,1.0,0.0,50,50,0,400,0,D,835.0
85,300,False,True,False,True,15,3,False,True,2,1,0.6666666666666666,0.3333333333333333,100,-50,12,300,150,2,False,True,1,1,0.5,0.5,100,-1150,10,200,1250,1,0,0,1,0,1.0,0.0,0,0,9,50,50,9,False,True,8,1,0.8888888888888888,0.1111111111111111,50,-200,0,450,250,C,878.0
84,350,True,False,False,True,16,3,False,True,2,1,0.6666666666666666,0.3333333333333333,100,-50,13,300,150,2,False,True,1,1,0.5,0.5,100,-1150,11,200,1250,2,True,False,2,0,1.0,0.0,50,0,0,100,50,9,False,True,8,1,0.8888888888888888,0.1111111111111111,50,-200,1,450,250,C,1362.0
83,350,True,False,False,True,17,3,False,True,2,1,0.6666666666666666,0.3333333333333333,100,-50,14,300,150,2,False,True,1,1,0.5,0.5,100,-1150,12,200,1250,3,0,0,3,0,1.0,0.0,50,0,0,150,100,9,False,True,8,1,0.8888888888888888,0.1111111111111111,50,-200,2,450,250,C,977.0
82,400,True,False,False,True,18,3,False,True,2,1,0.6666666666666666,0.3333333333333333,100,-50,15,300,150,2,False,True,1,1,0.5,0.5,100,-1150,13,200,1250,4,True,False,4,0,1.0,0.0,50,0,0,200,100,9,False,True,8,1,0.8888888888888888,0.1111111111111111,50,-200,3,450,250,C,1902.0
81,450,True,False,False,True,19,3,False,True,2,1,0.6666666666666666,0.3333333333333333,100,-50,16,300,150,2,False,True,1,1,0.5,0.5,100,-1150,14,200,1250,5,True,False,5,0,1.0,0.0,50,0,0,250,100,9,False,True,8,1,0.8888888888888888,0.1111111111111111,50,-200,4,450,250,C,712.0
80,500,True,False,False,True,20,3,False,True,2,1,0.6666666666666666,0.3333333333333333,100,-50,17,300,150,2,False,True,1,1,0.5,0.5,100,-1150,15,200,1250,6,True,False,6,0,1.0,0.0,50,0,0,300,100,9,False,True,8,1,0.8888888888888888,0.1111111111111111,50,-200,5,450,250,C,598.0
79,550,True,False,False,True,21,3,False,True,2,1,0.6666666666666666,0.3333333333333333,100,-50,18,300,150,2,False,True,1,1,0.5,0.5,100,-1150,16,200,1250,7,True,False,7,0,1.0,0.0,50,0,0,350,100,9,False,True,8,1,0.8888888888888888,0.1111111111111111,50,-200,6,450,250,C,705.0
78,600,True,False,False,True,22,3,False,True,2,1,0.6666666666666666,0.3333333333333333,100,-50,19,300,150,2,False,True,1,1,0.5,0.5,100,-1150,17,200,1250,8,True,False,8,0,1.0,0.0,50,0,0,400,100,9,False,True,8,1,0.8888888888888888,0.1111111111111111,50,-200,7,450,250,C,669.0
77,650,True,False,False,True,23,3,False,True,2,1,0.6666666666666666,0.3333333333333333,100,-50,20,300,150,2,False,True,1,1,0.5,0.5,100,-1150,18,200,1250,9,True,False,9,0,1.0,0.0,50,0,0,450,100,9,False,True,8,1,0.8888888888888888,0.1111111111111111,50,-200,8,450,250,C,582.0
76,650,True,False,False,True,24,3,False,True,2,1,0.6666666666666666,0.3333333333333333,100,-50,21,300,150,2,False,True,1,1,0.5,0.5,100,-1150,19,200,1250,10,0,0,10,0,1.0,0.0,50,0,0,500,150,9,False,True,8,1,0.8888888888888888,0.1111111111111111,50,-200,9,450,250,C,613.0
75,700,True,False,False,True,25,3,False,True,2,1,0.6666666666666666,0.3333333333333333,100,-50,22,300,150,2,False,True,1,1,0.5,0.5,100,-1150,20,200,1250,11,True,False,11,0,1.0,0.0,50,0,0,550,150,9,False,True,8,1,0.8888888888888888,0.1111111111111111,50,-200,10,450,250,D,504.0
74,750,True,False,False,True,26,3,False,True,2,1,0.6666666666666666,0.3333333333333333,100,-50,23,300,150,2,False,True,1,1,0.5,0.5,100,-1150,21,200,1250,11,True,False,11,0,1.0,0.0,50,0,1,550,150,10,True,False,9,1,0.9,0.1,50,-200,0,500,250,D,914.0
73,550,False,True,False,True,27,3,False,True,2,1,0.6666666666666666,0.3333333333333333,100,-50,24,300,150,2,False,True,1,1,0.5,0.5,100,-1150,22,200,1250,11,True,False,11,0,1.0,0.0,50,0,2,550,150,11,False,True,9,2,0.8181818181818182,0.18181818181818182,50,-200,0,550,500,D,591.0
72,600,True,False,False,True,28,3,False,True,2,1,0.6666666666666666,0.3333333333333333,100,-50,25,300,150,2,False,True,1,1,0.5,0.5,100,-1150,23,200,1250,11,True,False,11,0,1.0,0.0,50,0,3,550,150,12,True,False,10,2,0.8333333333333334,0.16666666666666666,50,-200,0,600,500,D,244.0
71,650,True,False,False,True,29,3,False,True,2,1,0.6666666666666666,0.3333333333333333,100,-50,26,300,150,2,False,True,1,1,0.5,0.5,100,-1150,24,200,1250,11,True,False,11,0,1.0,0.0,50,0,4,550,150,13,True,False,11,2,0.8461538461538461,0.15384615384615385,50,-200,0,650,500,D,86.0
70,700,True,False,False,True,30,3,False,True,2,1,0.6666666666666666,0.3333333333333333,100,-50,27,300,150,2,False,True,1,1,0.5,0.5,100,-1150,25,200,1250,11,True,False,11,0,1.0,0.0,50,0,5,550,150,14,True,False,12,2,0.8571428571428571,0.14285714285714285,50,-200,0,700,500,D,181.0
69,750,True,False,False,True,31,3,False,True,2,1,0.6666666666666666,0.3333333333333333,100,-50,28,300,150,2,False,True,1,1,0.5,0.5,100,-1150,26,200,1250,11,True,False,11,0,1.0,0.0,50,0,6,550,150,15,True,False,13,2,0.8666666666666667,0.13333333333333333,50,-200,0,750,500,D,115.0
68,800,True,False,False,True,32,3,False,True,2,1,0.6666666666666666,0.3333333333333333,100,-50,29,300,150,2,False,True,1,1,0.5,0.5,100,-1150,27,200,1250,11,True,False,11,0,1.0,0.0,50,0,7,550,150,16,True,False,14,2,0.875,0.125,50,-200,0,800,500,D,180.0
67,850,True,False,False,True,33,3,False,True,2,1,0.6666666666666666,0.3333333333333333,100,-50,30,300,150,2,False,True,1,1,0.5,0.5,100,-1150,28,200,1250,11,True,False,11,0,1.0,0.0,50,0,8,550,150,17,True,False,15,2,0.8823529411764706,0.11764705882352941,50,-200,0,850,500,D,100.0
66,900,True,False,False,True,34,3,False,True,2,1,0.6666666666666666,0.3333333333333333,100,-50,31,300,150,2,False,True,1,1,0.5,0.5,100,-1150,29,200,1250,11,True,False,11,0,1.0,0.0,50,0,9,550,150,18,True,False,16,2,0.8888888888888888,0.1111111111111111,50,-200,0,900,500,D,171.0
65,950,True,False,False,True,35,3,False,True,2,1,0.6666666666666666,0.3333333333333333,100,-50,32,300,150,2,False,True,1,1,0.5,0.5,100,-1150,30,200,1250,11,True,False,11,0,1.0,0.0,50,0,10,550,150,19,True,False,17,2,0.8947368421052632,0.10526315789473684,50,-200,0,950,500,D,89.0
64,1000,True,False,True,False,36,3,False,True,2,1,0.6666666666666666,0.3333333333333333,100,-50,33,300,150,2,False,True,1,1,0.5,0.5,100,-1150,31,200,1250,11,True,False,11,0,1.0,0.0,50,0,11,550,150,20,True,False,18,2,0.9,0.1,50,-200,0,1000,500,D,178.0
63,1050,True,False,True,False,37,3,False,True,2,1,0.6666666666666666,0.3333333333333333,100,-50,34,300,150,2,False,True,1,1,0.5,0.5,100,-1150,32,200,1250,11,True,False,11,0,1.0,0.0,50,0,12,550,150,21,True,False,19,2,0.9047619047619048,0.09523809523809523,50,-200,0,1050,500,D,82.0
62,1100,True,False,True,False,38,3,False,True,2,1,0.6666666666666666,0.3333333333333333,100,-50,35,300,150,2,False,True,1,1,0.5,0.5,100,-1150,33,200,1250,11,True,False,11,0,1.0,0.0,50,0,13,550,150,22,True,False,20,2,0.9090909090909091,0.09090909090909091,50,-200,0,1100,500,D,185.0
61,1150,True,False,True,False,39,3,False,True,2,1,0.6666666666666666,0.3333333333333333,100,-50,36,300,150,2,False,True,1,1,0.5,0.5,100,-1150,34,200,1250,11,True,False,11,0,1.0,0.0,50,0,14,550,150,23,True,False,21,2,0.9130434782608695,0.08695652173913043,50,-200,0,1150,500,D,87.0
60,1200,True,False,True,False,40,3,False,True,2,1,0.6666666666666666,0.3333333333333333,100,-50,37,300,150,2,False,True,1,1,0.5,0.5,100,-1150,35,200,1250,11,True,False,11,0,1.0,0.0,50,0,15,550,150,24,True,False,22,2,0.9166666666666666,0.08333333333333333,50,-200,0,1200,500,D,195.0
59,1250,True,False,True,False,41,3,False,True,2,1,0.6666666666666666,0.3333333333333333,100,-50,38,300,150,2,False,True,1,1,0.5,0.5,100,-1150,36,200,1250,11,True,False,11,0,1.0,0.0,50,0,16,550,150,25,True,False,23,2,0.92,0.08,50,-200,0,1250,500,D,85.0
58,1300,True,False,True,False,42,3,False,True,2,1,0.6666666666666666,0.3333333333333333,100,-50,39,300,150,2,False,True,1,1,0.5,0.5,100,-1150,37,200,1250,11,True,False,11,0,1.0,0.0,50,0,17,550,150,26,True,False,24,2,0.9230769230769231,0.07692307692307693,50,-200,0,1300,500,D,194.0
57,1350,True,False,True,False,43,3,False,True,2,1,0.6666666666666666,0.3333333333333333,100,-50,40,300,150,2,False,True,1,1,0.5,0.5,100,-1150,38,200,1250,11,True,False,11,0,1.0,0.0,50,0,18,550,150,27,True,False,25,2,0.9259259259259259,0.07407407407407407,50,-200,0,1350,500,D,94.0
56,1400,True,False,True,False,44,3,False,True,2,1,0.6666666666666666,0.3333333333333333,100,-50,41,300,150,2,False,True,1,1,0.5,0.5,100,-1150,39,200,1250,11,True,False,11,0,1.0,0.0,50,0,19,550,150,28,True,False,26,2,0.9285714285714286,0.07142857142857142,50,-200,0,1400,500,D,179.0
55,1450,True,False,True,False,45,3,False,True,2,1,0.6666666666666666,0.3333333333333333,100,-50,42,300,150,2,False,True,1,1,0.5,0.5,100,-1150,40,200,1250,11,True,False,11,0,1.0,0.0,50,0,20,550,150,29,True,False,27,2,0.9310344827586207,0.06896551724137931,50,-200,0,1450,500,D,95.0
54,1500,True,False,True,False,46,3,False,True,2,1,0.6666666666666666,0.3333333333333333,100,-50,43,300,150,2,False,True,1,1,0.5,0.5,100,-1150,41,200,1250,11,True,False,11,0,1.0,0.0,50,0,21,550,150,30,True,False,28,2,0.9333333333333333,0.06666666666666667,50,-200,0,1500,500,D,187.0
53,1300,False,True,True,False,47,3,False,True,2,1,0.6666666666666666,0.3333333333333333,100,-50,44,300,150,2,False,True,1,1,0.5,0.5,100,-1150,42,200,1250,11,True,False,11,0,1.0,0.0,50,0,22,550,150,31,False,True,28,3,0.9032258064516129,0.0967741935483871,50,-200,0,1550,750,D,86.0
52,1350,True,False,True,False,48,3,False,True,2,1,0.6666666666666666,0.3333333333333333,100,-50,45,300,150,2,False,True,1,1,0.5,0.5,100,-1150,43,200,1250,11,True,False,11,0,1.0,0.0,50,0,23,550,150,32,True,False,29,3,0.90625,0.09375,50,-200,0,1600,750,D,179.0
51,1400,True,False,True,False,49,3,False,True,2,1,0.6666666666666666,0.3333333333333333,100,-50,46,300,150,2,False,True,1,1,0.5,0.5,100,-1150,44,200,1250,11,True,False,11,0,1.0,0.0,50,0,24,550,150,33,True,False,30,3,0.9090909090909091,0.09090909090909091,50,-200,0,1650,750,D,81.0
50,1200,False,True,True,False,50,3,False,True,2,1,0.6666666666666666,0.3333333333333333,100,-50,47,300,150,2,False,True,1,1,0.5,0.5,100,-1150,45,200,1250,11,True,False,11,0,1.0,0.0,50,0,25,550,150,34,False,True,30,4,0.8823529411764706,0.11764705882352941,50,-200,0,1700,1000,D,193.0
49,1250,True,False,True,False,51,3,False,True,2,1,0.6666666666666666,0.3333333333333333,100,-50,48,300,150,2,False,True,1,1,0.5,0.5,100,-1150,46,200,1250,11,True,False,11,0,1.0,0.0,50,0,26,550,150,35,True,False,31,4,0.8857142857142857,0.11428571428571428,50,-200,0,1750,1000,D,94.0
48,1300,True,False,True,False,52,3,False,True,2,1,0.6666666666666666,0.3333333333333333,100,-50,49,300,150,2,False,True,1,1,0.5,0.5,100,-1150,47,200,1250,11,True,False,11,0,1.0,0.0,50,0,27,550,150,36,True,False,32,4,0.8888888888888888,0.1111111111111111,50,-200,0,1800,1000,D,174.0
47,1350,True,False,True,False,53,3,False,True,2,1,0.6666666666666666,0.3333333333333333,100,-50,50,300,150,2,False,True,1,1,0.5,0.5,100,-1150,48,200,1250,11,True,False,11,0,1.0,0.0,50,0,28,550,150,37,True,False,33,4,0.8918918918918919,0.10810810810810811,50,-200,0,1850,1000,D,79.0
46,1400,True,False,True,False,54,3,False,True,2,1,0.6666666666666666,0.3333333333333333,100,-50,51,300,150,2,False,True,1,1,0.5,0.5,100,-1150,49,200,1250,11,True,False,11,0,1.0,0.0,50,0,29,550,150,38,True,False,34,4,0.8947368421052632,0.10526315789473684,50,-200,0,1900,1000,D,180.0
45,1450,True,False,True,False,55,3,False,True,2,1,0.6666666666666666,0.3333333333333333,100,-50,52,300,150,2,False,True,1,1,0.5,0.5,100,-1150,50,200,1250,11,True,False,11,0,1.0,0.0,50,0,30,550,150,39,True,False,35,4,0.8974358974358975,0.10256410256410256,50,-200,0,1950,1000,D,86.0
44,1500,True,False,True,False,56,3,False,True,2,1,0.6666666666666666,0.3333333333333333,100,-50,53,300,150,2,False,True,1,1,0.5,0.5,100,-1150,51,200,1250,11,True,False,11,0,1.0,0.0,50,0,31,550,150,40,True,False,36,4,0.9,0.1,50,-200,0,2000,1000,D,180.0
43,1550,True,False,True,False,57,3,False,True,2,1,0.6666666666666666,0.3333333333333333,100,-50,54,300,150,2,False,True,1,1,0.5,0.5,100,-1150,52,200,1250,11,True,False,11,0,1.0,0.0,50,0,32,550,150,41,True,False,37,4,0.9024390243902439,0.0975609756097561,50,-200,0,2050,1000,D,95.0
42,1600,True,False,True,False,58,3,False,True,2,1,0.6666666666666666,0.3333333333333333,100,-50,55,300,150,2,False,True,1,1,0.5,0.5,100,-1150,53,200,1250,11,True,False,11,0,1.0,0.0,50,0,33,550,150,42,True,False,38,4,0.9047619047619048,0.09523809523809523,50,-200,0,2100,1000,D,186.0
41,1650,True,False,True,False,59,3,False,True,2,1,0.6666666666666666,0.3333333333333333,100,-50,56,300,150,2,False,True,1,1,0.5,0.5,100,-1150,54,200,1250,11,True,False,11,0,1.0,0.0,50,0,34,550,150,43,True,False,39,4,0.9069767441860465,0.09302325581395349,50,-200,0,2150,1000,D,81.0
40,1700,True,False,True,False,60,3,False,True,2,1,0.6666666666666666,0.3333333333333333,100,-50,57,300,150,2,False,True,1,1,0.5,0.5,100,-1150,55,200,1250,11,True,False,11,0,1.0,0.0,50,0,35,550,150,44,True,False,40,4,0.9090909090909091,0.09090909090909091,50,-200,0,2200,1000,D,177.0
39,1750,True,False,True,False,61,3,False,True,2,1,0.6666666666666666,0.3333333333333333,100,-50,58,300,150,2,False,True,1,1,0.5,0.5,100,-1150,56,200,1250,11,True,False,11,0,1.0,0.0,50,0,36,550,150,45,True,False,41,4,0.9111111111111111,0.08888888888888889,50,-200,0,2250,1000,D,101.0
38,1800,True,False,True,False,62,3,False,True,2,1,0.6666666666666666,0.3333333333333333,100,-50,59,300,150,2,False,True,1,1,0.5,0.5,100,-1150,57,200,1250,11,True,False,11,0,1.0,0.0,50,0,37,550,150,46,True,False,42,4,0.9130434782608695,0.08695652173913043,50,-200,0,2300,1000,D,187.0
37,1850,True,False,True,False,63,3,False,True,2,1,0.6666666666666666,0.3333333333333333,100,-50,60,300,150,2,False,True,1,1,0.5,0.5,100,-1150,58,200,1250,11,True,False,11,0,1.0,0.0,50,0,38,550,150,47,True,False,43,4,0.9148936170212766,0.0851063829787234,50,-200,0,2350,1000,D,74.0
36,1900,True,False,True,False,64,3,False,True,2,1,0.6666666666666666,0.3333333333333333,100,-50,61,300,150,2,False,True,1,1,0.5,0.5,100,-1150,59,200,1250,11,True,False,11,0,1.0,0.0,50,0,39,550,150,48,True,False,44,4,0.9166666666666666,0.08333333333333333,50,-200,0,2400,1000,D,186.0
35,1950,True,False,True,False,65,3,False,True,2,1,0.6666666666666666,0.3333333333333333,100,-50,62,300,150,2,False,True,1,1,0.5,0.5,100,-1150,60,200,1250,11,True,False,11,0,1.0,0.0,50,0,40,550,150,49,True,False,45,4,0.9183673469387755,0.08163265306122448,50,-200,0,2450,1000,D,79.0
34,2000,True,False,True,False,66,3,False,True,2,1,0.6666666666666666,0.3333333333333333,100,-50,63,300,150,2,False,True,1,1,0.5,0.5,100,-1150,61,200,1250,11,True,False,11,0,1.0,0.0,50,0,41,550,150,50,True,False,46,4,0.92,0.08,50,-200,0,2500,1000,D,195.0
33,2050,True,False,True,False,67,3,False,True,2,1,0.6666666666666666,0.3333333333333333,100,-50,64,300,150,2,False,True,1,1,0.5,0.5,100,-1150,62,200,1250,11,True,False,11,0,1.0,0.0,50,0,42,550,150,51,True,False,47,4,0.9215686274509803,0.0784313725490196,50,-200,0,2550,1000,D,65.0
32,2100,True,False,True,False,68,3,False,True,2,1,0.6666666666666666,0.3333333333333333,100,-50,65,300,150,2,False,True,1,1,0.5,0.5,100,-1150,63,200,1250,11,True,False,11,0,1.0,0.0,50,0,43,550,150,52,True,False,48,4,0.9230769230769231,0.07692307692307693,50,-200,0,2600,1000,D,194.0
31,2150,True,False,True,False,69,3,False,True,2,1,0.6666666666666666,0.3333333333333333,100,-50,66,300,150,2,False,True,1,1,0.5,0.5,100,-1150,64,200,1250,11,True,False,11,0,1.0,0.0,50,0,44,550,150,53,True,False,49,4,0.9245283018867925,0.07547169811320754,50,-200,0,2650,1000,D,71.0
30,2200,True,False,True,False,70,3,False,True,2,1,0.6666666666666666,0.3333333333333333,100,-50,67,300,150,2,False,True,1,1,0.5,0.5,100,-1150,65,200,1250,11,True,False,11,0,1.0,0.0,50,0,45,550,150,54,True,False,50,4,0.9259259259259259,0.07407407407407407,50,-200,0,2700,1000,D,188.0
29,2250,True,False,True,False,71,3,False,True,2,1,0.6666666666666666,0.3333333333333333,100,-50,68,300,150,2,False,True,1,1,0.5,0.5,100,-1150,66,200,1250,11,True,False,11,0,1.0,0.0,50,0,46,550,150,55,True,False,51,4,0.9272727272727272,0.07272727272727272,50,-200,0,2750,1000,D,81.0
28,2300,True,False,True,False,72,3,False,True,2,1,0.6666666666666666,0.3333333333333333,100,-50,69,300,150,2,False,True,1,1,0.5,0.5,100,-1150,67,200,1250,11,True,False,11,0,1.0,0.0,50,0,47,550,150,56,True,False,52,4,0.9285714285714286,0.07142857142857142,50,-200,0,2800,1000,D,192.0
27,2350,True,False,True,False,73,3,False,True,2,1,0.6666666666666666,0.3333333333333333,100,-50,70,300,150,2,False,True,1,1,0.5,0.5,100,-1150,68,200,1250,11,True,False,11,0,1.0,0.0,50,0,48,550,150,57,True,False,53,4,0.9298245614035088,0.07017543859649122,50,-200,0,2850,1000,D,88.0
26,2150,False,True,True,False,74,3,False,True,2,1,0.6666666666666666,0.3333333333333333,100,-50,71,300,150,2,False,True,1,1,0.5,0.5,100,-1150,69,200,1250,11,True,False,11,0,1.0,0.0,50,0,49,550,150,58,False,True,53,5,0.9137931034482759,0.08620689655172414,50,-200,0,2900,1250,D,187.0
25,2200,True,False,True,False,75,3,False,True,2,1,0.6666666666666666,0.3333333333333333,100,-50,72,300,150,2,False,True,1,1,0.5,0.5,100,-1150,70,200,1250,11,True,False,11,0,1.0,0.0,50,0,50,550,150,59,True,False,54,5,0.9152542372881356,0.0847457627118644,50,-200,0,2950,1250,D,86.0
24,2250,True,False,True,False,76,3,False,True,2,1,0.6666666666666666,0.3333333333333333,100,-50,73,300,150,2,False,True,1,1,0.5,0.5,100,-1150,71,200,1250,11,True,False,11,0,1.0,0.0,50,0,51,550,150,60,True,False,55,5,0.9166666666666666,0.08333333333333333,50,-200,0,3000,1250,D,173.0
23,2300,True,False,True,False,77,3,False,True,2,1,0.6666666666666666,0.3333333333333333,100,-50,74,300,150,2,False,True,1,1,0.5,0.5,100,-1150,72,200,1250,11,True,False,11,0,1.0,0.0,50,0,52,550,150,61,True,False,56,5,0.9180327868852459,0.08196721311475409,50,-200,0,3050,1250,D,100.0
22,2100,False,True,True,False,78,3,False,True,2,1,0.6666666666666666,0.3333333333333333,100,-50,75,300,150,2,False,True,1,1,0.5,0.5,100,-1150,73,200,1250,11,True,False,11,0,1.0,0.0,50,0,53,550,150,62,False,True,56,6,0.9032258064516129,0.0967741935483871,50,-200,0,3100,1500,D,164.0
21,2150,True,False,True,False,79,3,False,True,2,1,0.6666666666666666,0.3333333333333333,100,-50,76,300,150,2,False,True,1,1,0.5,0.5,100,-1150,74,200,1250,11,True,False,11,0,1.0,0.0,50,0,54,550,150,63,True,False,57,6,0.9047619047619048,0.09523809523809523,50,-200,0,3150,1500,D,94.0
20,1950,False,True,True,False,80,3,False,True,2,1,0.6666666666666666,0.3333333333333333,100,-50,77,300,150,2,False,True,1,1,0.5,0.5,100,-1150,75,200,1250,11,True,False,11,0,1.0,0.0,50,0,55,550,150,64,False,True,57,7,0.890625,0.109375,50,-200,0,3200,1750,D,189.0
19,2000,True,False,True,False,81,3,False,True,2,1,0.6666666666666666,0.3333333333333333,100,-50,78,300,150,2,False,True,1,1,0.5,0.5,100,-1150,76,200,1250,11,True,False,11,0,1.0,0.0,50,0,56,550,150,65,True,False,58,7,0.8923076923076924,0.1076923076923077,50,-200,0,3250,1750,D,94.0
18,2050,True,False,True,False,82,3,False,True,2,1,0.6666666666666666,0.3333333333333333,100,-50,79,300,150,2,False,True,1,1,0.5,0.5,100,-1150,77,200,1250,11,True,False,11,0,1.0,0.0,50,0,57,550,150,66,True,False,59,7,0.8939393939393939,0.10606060606060606,50,-200,0,3300,1750,D,186.0
17,2100,True,False,True,False,83,3,False,True,2,1,0.6666666666666666,0.3333333333333333,100,-50,80,300,150,2,False,True,1,1,0.5,0.5,100,-1150,78,200,1250,11,True,False,11,0,1.0,0.0,50,0,58,550,150,67,True,False,60,7,0.8955223880597015,0.1044776119402985,50,-200,0,3350,1750,D,73.0
16,2150,True,False,True,False,84,3,False,True,2,1,0.6666666666666666,0.3333333333333333,100,-50,81,300,150,2,False,True,1,1,0.5,0.5,100,-1150,79,200,1250,11,True,False,11,0,1.0,0.0,50,0,59,550,150,68,True,False,61,7,0.8970588235294118,0.10294117647058823,50,-200,0,3400,1750,D,194.0
15,2200,True,False,True,False,85,3,False,True,2,1,0.6666666666666666,0.3333333333333333,100,-50,82,300,150,2,False,True,1,1,0.5,0.5,100,-1150,80,200,1250,11,True,False,11,0,1.0,0.0,50,0,60,550,150,69,True,False,62,7,0.8985507246376812,0.10144927536231885,50,-200,0,3450,1750,D,101.0
14,2250,True,False,True,False,86,3,False,True,2,1,0.6666666666666666,0.3333333333333333,100,-50,83,300,150,2,False,True,1,1,0.5,0.5,100,-1150,81,200,1250,11,True,False,11,0,1.0,0.0,50,0,61,550,150,70,True,False,63,7,0.9,0.1,50,-200,0,3500,1750,D,186.0
13,2300,True,False,True,False,87,3,False,True,2,1,0.6666666666666666,0.3333333333333333,100,-50,84,300,150,2,False,True,1,1,0.5,0.5,100,-1150,82,200,1250,11,True,False,11,0,1.0,0.0,50,0,62,550,150,71,True,False,64,7,0.9014084507042254,0.09859154929577464,50,-200,0,3550,1750,D,86.0
12,2350,True,False,True,False,88,3,False,True,2,1,0.6666666666666666,0.3333333333333333,100,-50,85,300,150,2,False,True,1,1,0.5,0.5,100,-1150,83,200,1250,11,True,False,11,0,1.0,0.0,50,0,63,550,150,72,True,False,65,7,0.9027777777777778,0.09722222222222222,50,-200,0,3600,1750,D,179.0
11,2150,False,True,True,False,89,3,False,True,2,1,0.6666666666666666,0.3333333333333333,100,-50,86,300,150,2,False,True,1,1,0.5,0.5,100,-1150,84,200,1250,11,True,False,11,0,1.0,0.0,50,0,64,550,150,73,False,True,65,8,0.8904109589041096,0.1095890410958904,50,-200,0,3650,2000,A,103.0
10,1950,False,True,True,False,90,4,False,True,2,2,0.5,0.5,100,-200,0,400,450,2,False,True,1,1,0.5,0.5,100,-1150,85,200,1250,11,True,False,11,0,1.0,0.0,50,0,65,550,150,73,False,True,65,8,0.8904109589041096,0.1095890410958904,50,-200,1,3650,2000,D,899.0
9,1750,False,True,True,False,91,4,False,True,2,2,0.5,0.5,100,-200,1,400,450,2,False,True,1,1,0.5,0.5,100,-1150,86,200,1250,11,True,False,11,0,1.0,0.0,50,0,66,550,150,74,False,True,65,9,0.8783783783783784,0.12162162162162163,50,-200,0,3700,2250,D,942.0
8,1800,True,False,True,False,92,4,False,True,2,2,0.5,0.5,100,-200,2,400,450,2,False,True,1,1,0.5,0.5,100,-1150,87,200,1250,11,True,False,11,0,1.0,0.0,50,0,67,550,150,75,True,False,66,9,0.88,0.12,50,-200,0,3750,2250,D,103.0
7,1850,True,False,True,False,93,4,False,True,2,2,0.5,0.5,100,-200,3,400,450,2,False,True,1,1,0.5,0.5,100,-1150,88,200,1250,11,True,False,11,0,1.0,0.0,50,0,68,550,150,76,True,False,67,9,0.881578947368421,0.11842105263157894,50,-200,0,3800,2250,D,192.0
6,1900,True,False,True,False,94,4,False,True,2,2,0.5,0.5,100,-200,4,400,450,2,False,True,1,1,0.5,0.5,100,-1150,89,200,1250,11,True,False,11,0,1.0,0.0,50,0,69,550,150,77,True,False,68,9,0.8831168831168831,0.11688311688311688,50,-200,0,3850,2250,D,112.0
5,1950,True,False,True,False,95,4,False,True,2,2,0.5,0.5,100,-200,5,400,450,2,False,True,1,1,0.5,0.5,100,-1150,90,200,1250,11,True,False,11,0,1.0,0.0,50,0,70,550,150,78,True,False,69,9,0.8846153846153846,0.11538461538461539,50,-200,0,3900,2250,D,176.0
4,2000,True,False,True,False,96,4,False,True,2,2,0.5,0.5,100,-200,6,400,450,2,False,True,1,1,0.5,0.5,100,-1150,91,200,1250,11,True,False,11,0,1.0,0.0,50,0,71,550,150,79,True,False,70,9,0.8860759493670886,0.11392405063291139,50,-200,0,3950,2250,D,110.0
3,2050,True,False,True,False,97,4,False,True,2,2,0.5,0.5,100,-200,7,400,450,2,False,True,1,1,0.5,0.5,100,-1150,92,200,1250,11,True,False,11,0,1.0,0.0,50,0,72,550,150,80,True,False,71,9,0.8875,0.1125,50,-200,0,4000,2250,D,173.0
2,2100,True,False,True,False,98,4,False,True,2,2,0.5,0.5,100,-200,8,400,450,2,False,True,1,1,0.5,0.5,100,-1150,93,200,1250,11,True,False,11,0,1.0,0.0,50,0,73,550,150,81,True,False,72,9,0.8888888888888888,0.1111111111111111,50,-200,0,4050,2250,D,86.0
1,2150,True,False,True,False,99,4,False,True,2,2,0.5,0.5,100,-200,9,400,450,2,False,True,1,1,0.5,0.5,100,-1150,94,200,1250,11,True,False,11,0,1.0,0.0,50,0,74,550,150,82,True,False,73,9,0.8902439024390244,0.10975609756097561,50,-200,0,4100,2250,D,187.0
